<?xml version="1.0" encoding="UTF-8"?>
<project-private xmlns="http://www.netbeans.org/ns/project-private/1">
    <editor-bookmarks xmlns="http://www.netbeans.org/ns/editor-bookmarks/2" lastBookmarkId="0"/>
    <open-files xmlns="http://www.netbeans.org/ns/projectui-open-files/2">
        <group>
            <file>file:/C:/Users/Aluno/Documents/NetBeansProjects/AppEventos/AppEventos/src/java/dao/CadastroDAO.java</file>
            <file>file:/C:/Users/Aluno/Documents/NetBeansProjects/AppEventos/AppEventos/src/java/model/Cadastro.java</file>
            <file>file:/C:/Users/Aluno/Documents/NetBeansProjects/AppEventos/AppEventos/web/view/css/style.css</file>
            <file>file:/C:/Users/Aluno/Documents/NetBeansProjects/AppEventos/AppEventos/web/view/index.jsp</file>
            <file>file:/C:/Users/Aluno/Documents/NetBeansProjects/AppEventos/AppEventos/src/java/connection/Conexao.java</file>
            <file>file:/C:/Users/Aluno/Documents/NetBeansProjects/AppEventos/AppEventos/web/view/cadastro.jsp</file>
        </group>
    </open-files>
</project-private>
